[
  {
    "index": 1,
    "tradeDay": "2023-03-29",
    "numberOfTrades": "8",
    "overallPL": "-340",
    "netPL": "-558.49",
    "status": "In Loss"
  },
  {
    "tradeDay": "2023-03-31",
    "numberOfTrades": "2",
    "overallPL": "132.50",
    "netPL": "70.19",
    "status": "In Profit",
    "index": 2
  },
  {
    "tradeDay": "2023-04-03",
    "numberOfTrades": "6",
    "overallPL": "-1985",
    "netPL": "2166",
    "status": "In Loss",
    "index": 3
  },
  {
    "tradeDay": "2023-04-05",
    "numberOfTrades": "12",
    "overallPL": "-681.25",
    "netPL": "-1010.13",
    "status": "In Loss",
    "index": 4
  },
  {
    "tradeDay": "2024-08-15",
    "numberOfTrades": "8",
    "overallPL": "-340",
    "netPL": "-558.49",
    "status": "In Loss",
    "index": 5
  },
  {
    "tradeDay": "2024-08-16",
    "numberOfTrades": "2",
    "overallPL": "132.50",
    "netPL": "tyjyt",
    "status": "tyjty",
    "index": 6
  }
]