{
  "August 2024": [
   
    {
      "Trade Day": "Aug 23 2024, Fri",
      "No. of Trades": 12,
      "Overall P&L": "-181.25",
      "Net P&L": "-492.52",
      "Status": "In Loss",
      "Transaction": "View"
  },
  {
      "Trade Day": "Aug 22 2024, Thu",
      "No. of Trades": 21,
      "Overall P&L": "477.00",
      "Net P&L": "-63.38",
      "Status": "In Profit",
      "Transaction": "View"
  },
    {
      "Trade Day": "Aug 21 2024, Wed",
      "No. of Trades": 42,
      "Overall P&L": "-₹ 409.50",
      "Net P&L": "-₹ 1,483.20",
      "Status": "In Loss",
      "Transaction": "View >"
    },
    {
        "Trade Day": "Aug 20 2024, Tue",
        "No. of Trades": 40,
        "Overall P&L": "₹ 427.75",
        "Net P&L": "-₹ 598.63",
        "Status": "In Profit",
        "Transaction": "View >"
      },
      {
        "Trade Day": "Aug 19 2024, Mon",
        "No. of Trades": 26,
        "Overall P&L": "-₹ 614.25",
        "Net P&L": "-₹ 1,280.78",
        "Status": "In Loss",
        "Transaction": "View >"
      },
      {
        "Trade Day": "Aug 14 2024, Wed",
        "No. of Trades": 28,
        "Overall P&L": "-₹ 1,300.26",
        "Net P&L": "-₹ 2,001.16",
        "Status": "In Loss",
        "Transaction": "View >"
      },
      {
        "Trade Day": "Aug 13 2024, Tue",
        "No. of Trades": 29,
        "Overall P&L": "-₹ 118.25",
        "Net P&L": "-₹ 855.91",
        "Status": "In Loss",
        "Transaction": "View >"
      },
      {
        "Trade Day": "Aug 8 2024, Thu",
        "No. of Trades": 82,
        "Overall P&L": "₹ 575.00",
        "Net P&L": "-₹ 1,539.23",
        "Status": "In Profit",
        "Transaction": "View >"
      },
      {
        "Trade Day": "Aug 7 2024, Wed",
        "No. of Trades": 48,
        "Overall P&L": "₹ 719.99",
        "Net P&L": "-₹ 520.48",
        "Status": "In Profit",
        "Transaction": "View >"
      },
      {
        "Trade Day": "Aug 6 2024, Tue",
        "No. of Trades": 6,
        "Overall P&L": "-₹ 146.25",
        "Net P&L": "-₹ 291.59",
        "Status": "In Loss",
        "Transaction": "View >"
      },
      {
        "Trade Day": "Aug 5 2024, Mon",
        "No. of Trades": 142,
        "Overall P&L": "₹ 2,001.75",
        "Net P&L": "-₹ 1,733.42",
        "Status": "In Profit",
        "Transaction": "View >"
      },
      {
        "Trade Day": "Aug 2 2024, Fri",
        "No. of Trades": 22,
        "Overall P&L": "₹ 664.25",
        "Net P&L": "₹ 97.65",
        "Status": "In Profit",
        "Transaction": "View >"
      },
      {
        "Trade Day": "Aug 1 2024, Thu",
        "No. of Trades": 22,
        "Overall P&L": "₹ 251.50",
        "Net P&L": "-₹ 304.16",
        "Status": "In Profit",
        "Transaction": "View >"
      }
    ],
    "July 2024": [
      {
        "Trade Day": "Jul 31 2024, Wed",
        "No. of Trades": 16,
        "Overall P&L": "-₹ 921.75",
        "Net P&L": "-₹ 1,322.87",
        "Status": "In Loss",
        "Transaction": "View >"
      },
      {
        "Trade Day": "Jul 30 2024, Tue",
        "No. of Trades": 12,
        "Overall P&L": "-₹ 235.00",
        "Net P&L": "-₹ 536.34",
        "Status": "In Loss",
        "Transaction": "View >"
      },
      {
        "Trade Day": "Jul 29 2024, Mon",
        "No. of Trades": 70,
        "Overall P&L": "₹ 345.77",
        "Net P&L": "-₹ 1,458.25",
        "Status": "In Profit",
        "Transaction": "View >"
      },
      {
        "Trade Day": "Jul 26 2024, Fri",
        "No. of Trades": 96,
        "Overall P&L": "₹ 1,155.25",
        "Net P&L": "-₹ 1,306.41",
        "Status": "In Profit",
        "Transaction": "View >"
      },
      {
        "Trade Day": "Jul 25 2024, Thu",
        "No. of Trades": 70,
        "Overall P&L": "₹ 815.25",
        "Net P&L": "-₹ 950.80",
        "Status": "In Profit",
        "Transaction": "View >"
      },
      {
        "Trade Day": "Jul 24 2024, Wed",
        "No. of Trades": 22,
        "Overall P&L": "-₹ 914.50",
        "Net P&L": "-₹ 1,472.99",
        "Status": "In Loss",
        "Transaction": "View >"
      },
      {
        "Trade Day": "Jul 23 2024, Tue",
        "No. of Trades": 128,
        "Overall P&L": "₹ 840.25",
        "Net P&L": "-₹ 2,502.31",
        "Status": "In Profit",
        "Transaction": "View >"
      },
      {
        "Trade Day": "Jul 22 2024, Mon",
        "No. of Trades": 14,
        "Overall P&L": "₹ 295.00",
        "Net P&L": "-₹ 67.38",
        "Status": "In Profit",
        "Transaction": "View >"
      },
      {
        "Trade Day": "Jul 19 2024, Fri",
        "No. of Trades": 28,
        "Overall P&L": "-₹ 195.00",
        "Net P&L": "-₹ 920.16",
        "Status": "In Loss",
        "Transaction": "View >"
      },
      {
        "Trade Day": "Jul 18 2024, Thu",
        "No. of Trades": 38,
        "Overall P&L": "₹ 710.00",
        "Net P&L": "-₹ 277.13",
        "Status": "In Profit",
        "Transaction": "View >"
      },
      {
        "Trade Day": "Jul 16 2024, Tue",
        "No. of Trades": 6,
        "Overall P&L": "-₹ 663.00",
        "Net P&L": "-₹ 815.96",
        "Status": "In Loss",
        "Transaction": "View >"
      },
      {
        "Trade Day": "Jul 15 2024, Mon",
        "No. of Trades": 24,
        "Overall P&L": "-₹ 952.75",
        "Net P&L": "-₹ 1,563.56",
        "Status": "In Loss",
        "Transaction": "View >"
      },
      {
        "Trade Day": "Jul 11 2024, Thu",
        "No. of Trades": 18,
        "Overall P&L": "-₹ 495.25",
        "Net P&L": "-₹ 953.53",
        "Status": "In Loss",
        "Transaction": "View >"
      },
      {
        "Trade Day": "Jul 10 2024, Wed",
        "No. of Trades": 58,
        "Overall P&L": "₹ 811.50",
        "Net P&L": "-₹ 697.66",
        "Status": "In Profit",
        "Transaction": "View >"
      },
      {
        "Trade Day": "Jul 9 2024, Tue",
        "No. of Trades": 18,
        "Overall P&L": "₹ 245.00",
        "Net P&L": "-₹ 226.05",
        "Status": "In Profit",
        "Transaction": "View >"
      },
      {
        "Trade Day": "Jul 8 2024, Mon",
        "No. of Trades": 12,
        "Overall P&L": "-₹ 927.00",
        "Net P&L": "-₹ 1,233.55",
        "Status": "In Loss",
        "Transaction": "View >"
      },
      {
        "Trade Day": "Jul 5 2024, Fri",
        "No. of Trades": 42,
        "Overall P&L": "-₹ 212.51",
        "Net P&L": "-₹ 1,291.26",
        "Status": "In Loss",
        "Transaction": "View >"
      },
      {
        "Trade Day": "Jul 4 2024, Thu",
        "No. of Trades": 36,
        "Overall P&L": "-₹ 128.25",
        "Net P&L": "-₹ 1,053.88",
        "Status": "In Loss",
        "Transaction": "View >"
      },
      {
        "Trade Day": "Jul 3 2024, Wed",
        "No. of Trades": 28,
        "Overall P&L": "-₹ 419.75",
        "Net P&L": "-₹ 1,135.95",
        "Status": "In Loss",
        "Transaction": "View >"
      },
      {
        "Trade Day": "Jul 2 2024, Tue",
        "No. of Trades": 12,
        "Overall P&L": "-₹ 771.75",
        "Net P&L": "-₹ 1,078.76",
        "Status": "In Loss",
        "Transaction": "View >"
      },
      {
        "Trade Day": "Jul 1 2024, Mon",
        "No. of Trades": 22,
        "Overall P&L": "-₹ 659.75",
        "Net P&L": "-₹ 1,221.09",
        "Status": "In Loss",
        "Transaction": "View >"
      }
    ],
    "June 2024": [
      {
        "Trade Day": "Jun 28 2024, Fri",
        "No. of Trades": 10,
        "Overall P&L": "-₹ 406.00",
        "Net P&L": "-₹ 659.90",
        "Status": "In Loss",
        "Transaction": "View >"
      },
      {
        "Trade Day": "Jun 27 2024, Thu",
        "No. of Trades": 26,
        "Overall P&L": "-₹ 56.00",
        "Net P&L": "-₹ 728.42",
        "Status": "In Loss",
        "Transaction": "View >"
      },
      {
        "Trade Day": "Jun 26 2024, Wed",
        "No. of Trades": 6,
        "Overall P&L": "-₹ 419.25",
        "Net P&L": "-₹ 573.13",
        "Status": "In Loss",
        "Transaction": "View >"
      },
      {
        "Trade Day": "Jun 25 2024, Tue",
        "No. of Trades": 26,
        "Overall P&L": "-₹ 181.50",
        "Net P&L": "-₹ 856.21",
        "Status": "In Loss",
        "Transaction": "View >"
      },
      {
        "Trade Day": "Jun 24 2024, Mon",
        "No. of Trades": 36,
        "Overall P&L": "₹ 551.50",
        "Net P&L": "-₹ 391.41",
        "Status": "In Profit",
        "Transaction": "View >"
      },
      {
        "Trade Day": "Jun 21 2024, Fri",
        "No. of Trades": 34,
        "Overall P&L": "₹ 470.50",
        "Net P&L": "-₹ 398.74",
        "Status": "In Profit",
        "Transaction": "View >"
      },
      {
        "Trade Day": "Jun 20 2024, Thu",
        "No. of Trades": 26,
        "Overall P&L": "₹ 1,035.00",
        "Net P&L": "₹ 375.37",
        "Status": "In Profit",
        "Transaction": "View >"
      },
      {
        "Trade Day": "Jun 19 2024, Wed",
        "No. of Trades": 102,
        "Overall P&L": "₹ 2,300.50",
        "Net P&L": "-₹ 390.51",
        "Status": "In Profit",
        "Transaction": "View >"
      },
      {
        "Trade Day": "Jun 18 2024, Tue",
        "No. of Trades": 36,
        "Overall P&L": "-₹ 235.50",
        "Net P&L": "-₹ 1,160.47",
        "Status": "In Loss",
        "Transaction": "View >"
      },
      {
        "Trade Day": "Jun 14 2024, Fri",
        "No. of Trades": 16,
        "Overall P&L": "-₹ 47.75",
        "Net P&L": "-₹ 461.52",
        "Status": "In Loss",
        "Transaction": "View >"
      },
      {
        "Trade Day": "Jun 13 2024, Thu",
        "No. of Trades": 16,
        "Overall P&L": "-₹ 816.25",
        "Net P&L": "-₹ 1,224.49",
        "Status": "In Loss",
        "Transaction": "View >"
      },
      {
        "Trade Day": "Jun 12 2024, Wed",
        "No. of Trades": 18,
        "Overall P&L": "₹ 700.50",
        "Net P&L": "₹ 228.43",
        "Status": "In Profit",
        "Transaction": "View >"
      },
      {
        "Trade Day": "Jun 11 2024, Tue",
        "No. of Trades": 12,
        "Overall P&L": "-₹ 766.50",
        "Net P&L": "-₹ 1,071.09",
        "Status": "In Loss",
        "Transaction": "View >"
      },
      {
        "Trade Day": "Jun 10 2024, Mon",
        "No. of Trades": 4,
        "Overall P&L": "-₹ 487.50",
        "Net P&L": "-₹ 586.61",
        "Status": "In Loss",
        "Transaction": "View >"
      },
      {
        "Trade Day": "Jun 7 2024, Fri",
        "No. of Trades": 18,
        "Overall P&L": "₹ 203.75",
        "Net P&L": "-₹ 259.72",
        "Status": "In Profit",
        "Transaction": "View >"
      },
      {
        "Trade Day": "Jun 6 2024, Thu",
        "No. of Trades": 28,
        "Overall P&L": "₹ 225.00",
        "Net P&L": "-₹ 485.55",
        "Status": "In Profit",
        "Transaction": "View >"
      },
      {
        "Trade Day": "Jun 5 2024, Wed",
        "No. of Trades": 14,
        "Overall P&L": "₹ 796.25",
        "Net P&L": "₹ 427.80",
        "Status": "In Profit",
        "Transaction": "View >"
      },
      {
        "Trade Day": "Jun 4 2024, Tue",
        "No. of Trades": 44,
        "Overall P&L": "-₹ 1,035.00",
        "Net P&L": "-₹ 2,205.63",
        "Status": "In Loss",
        "Transaction": "View >"
      },
      {
        "Trade Day": "Jun 3 2024, Mon",
        "No. of Trades": 12,
        "Overall P&L": "-₹ 580.00",
        "Net P&L": "-₹ 880.73",
        "Status": "In Loss",
        "Transaction": "View >"
      }
    ],
    "May 2024": [
      {
        "Trade Day": "May 31 2024, Fri",
        "No. of Trades": 18,
        "Overall P&L": "-₹ 97.50",
        "Net P&L": "-₹ 560.01",
        "Status": "In Loss",
        "Transaction": "View >"
      },
      {
        "Trade Day": "May 30 2024, Thu",
        "No. of Trades": 16,
        "Overall P&L": "-₹ 353.75",
        "Net P&L": "-₹ 761.51",
        "Status": "In Loss",
        "Transaction": "View >"
      },
      {
        "Trade Day": "May 29 2024, Wed",
        "No. of Trades": 8,
        "Overall P&L": "₹ 351.00",
        "Net P&L": "₹ 145.66",
        "Status": "In Profit",
        "Transaction": "View >"
      },
      {
        "Trade Day": "May 28 2024, Tue",
        "No. of Trades": 8,
        "Overall P&L": "-₹ 504.00",
        "Net P&L": "-₹ 709.53",
        "Status": "In Loss",
        "Transaction": "View >"
      },
      {
        "Trade Day": "May 27 2024, Mon",
        "No. of Trades": 6,
        "Overall P&L": "-₹ 336.00",
        "Net P&L": "-₹ 489.44",
        "Status": "In Loss",
        "Transaction": "View >"
      },
      {
        "Trade Day": "May 24 2024, Fri",
        "No. of Trades": 6,
        "Overall P&L": "₹ 494.00",
        "Net P&L": "₹ 340.30",
        "Status": "In Profit",
        "Transaction": "View >"
      },
      {
        "Trade Day": "May 23 2024, Thu",
        "No. of Trades": 10,
        "Overall P&L": "-₹ 0.25",
        "Net P&L": "-₹ 258.66",
        "Status": "In Loss",
        "Transaction": "View >"
      },
      {
        "Trade Day": "May 22 2024, Wed",
        "No. of Trades": 14,
        "Overall P&L": "-₹ 210.00",
        "Net P&L": "-₹ 566.86",
        "Status": "In Loss",
        "Transaction": "View >"
      },
      {
        "Trade Day": "May 21 2024, Tue",
        "No. of Trades": 6,
        "Overall P&L": "-₹ 262.50",
        "Net P&L": "-₹ 410.55",
        "Status": "In Loss",
        "Transaction": "View >"
      },
      {
        "Trade Day": "May 17 2024, Fri",
        "No. of Trades": 10,
        "Overall P&L": "-₹ 184.50",
        "Net P&L": "-₹ 438.34",
        "Status": "In Loss",
        "Transaction": "View >"
      },
      {
        "Trade Day": "May 16 2024, Thu",
        "No. of Trades": 20,
        "Overall P&L": "₹ 620.00",
        "Net P&L": "₹ 151.21",
        "Status": "In Profit",
        "Transaction": "View >"
      },
      {
        "Trade Day": "May 15 2024, Wed",
        "No. of Trades": 8,
        "Overall P&L": "-₹ 151.25",
        "Net P&L": "-₹ 353.93",
        "Status": "In Loss",
        "Transaction": "View >"
      },
      {
        "Trade Day": "May 14 2024, Tue",
        "No. of Trades": 6,
        "Overall P&L": "-₹ 662.75",
        "Net P&L": "-₹ 813.89",
        "Status": "In Loss",
        "Transaction": "View >"
      },
      {
        "Trade Day": "May 13 2024, Mon",
        "No. of Trades": 46,
        "Overall P&L": "₹ 713.00",
        "Net P&L": "-₹ 466.70",
        "Status": "In Profit",
        "Transaction": "View >"
      },
      {
        "Trade Day": "May 9 2024, Thu",
        "No. of Trades": 24,
        "Overall P&L": "₹ 831.00",
        "Net P&L": "₹ 217.42",
        "Status": "In Profit",
        "Transaction": "View >"
      },
      {
        "Trade Day": "May 8 2024, Wed",
        "No. of Trades": 58,
        "Overall P&L": "-₹ 93.00",
        "Net P&L": "-₹ 1,571.24",
        "Status": "In Loss",
        "Transaction": "View >"
      },
      {
        "Trade Day": "May 7 2024, Tue",
        "No. of Trades": 10,
        "Overall P&L": "-₹ 393.75",
        "Net P&L": "-₹ 649.71",
        "Status": "In Loss",
        "Transaction": "View >"
      },
      {
        "Trade Day": "May 6 2024, Mon",
        "No. of Trades": 4,
        "Overall P&L": "₹ 89.25",
        "Net P&L": "-₹ 13.97",
        "Status": "In Profit",
        "Transaction": "View >"
      },
      {
        "Trade Day": "May 3 2024, Fri",
        "No. of Trades": 30,
        "Overall P&L": "-₹ 239.00",
        "Net P&L": "-₹ 1,011.88",
        "Status": "In Loss",
        "Transaction": "View >"
      },
      {
        "Trade Day": "May 2 2024, Thu",
        "No. of Trades": 8,
        "Overall P&L": "-₹ 326.75",
        "Net P&L": "-₹ 527.90",
        "Status": "In Loss",
        "Transaction": "View >"
      }
    ],
    "April 2024": [
      {
        "Trade Day": "Apr 30 2024, Tue",
        "No. of Trades": 14,
        "Overall P&L": "-₹ 1,446.75",
        "Net P&L": "-₹ 1,801.75",
        "Status": "In Loss",
        "Transaction": "View >"
      },
      {
        "Trade Day": "Apr 29 2024, Mon",
        "No. of Trades": 46,
        "Overall P&L": "-₹ 187.25",
        "Net P&L": "-₹ 1,386.86",
        "Status": "In Loss",
        "Transaction": "View >"
      },
      {
        "Trade Day": "Apr 26 2024, Fri",
        "No. of Trades": 4,
        "Overall P&L": "₹ 120.00",
        "Net P&L": "₹ 17.49",
        "Status": "In Profit",
        "Transaction": "View >"
      },
      {
        "Trade Day": "Apr 25 2024, Thu",
        "No. of Trades": 44,
        "Overall P&L": "-₹ 507.25",
        "Net P&L": "-₹ 1,631.03",
        "Status": "In Loss",
        "Transaction": "View >"
      },
      {
        "Trade Day": "Apr 24 2024, Wed",
        "No. of Trades": 10,
        "Overall P&L": "-₹ 159.75",
        "Net P&L": "-₹ 416.39",
        "Status": "In Loss",
        "Transaction": "View >"
      },
      {
        "Trade Day": "Apr 23 2024, Tue",
        "No. of Trades": 19,
        "Overall P&L": "-₹ 29.25",
        "Net P&L": "-₹ 516.56",
        "Status": "In Loss",
        "Transaction": "View >"
      },
      {
        "Trade Day": "Apr 22 2024, Mon",
        "No. of Trades": 10,
        "Overall P&L": "-₹ 495.50",
        "Net P&L": "-₹ 755.54",
        "Status": "In Loss",
        "Transaction": "View >"
      },
      {
        "Trade Day": "Apr 19 2024, Fri",
        "No. of Trades": 42,
        "Overall P&L": "-₹ 453.25",
        "Net P&L": "-₹ 1,553.49",
        "Status": "In Loss",
        "Transaction": "View >"
      },
      {
        "Trade Day": "Apr 18 2024, Thu",
        "No. of Trades": 36,
        "Overall P&L": "₹ 1,326.00",
        "Net P&L": "₹ 382.00",
        "Status": "In Profit",
        "Transaction": "View >"
      },
      {
        "Trade Day": "Apr 16 2024, Tue",
        "No. of Trades": 16,
        "Overall P&L": "₹ 72.00",
        "Net P&L": "-₹ 341.53",
        "Status": "In Profit",
        "Transaction": "View >"
      },
      {
        "Trade Day": "Apr 15 2024, Mon",
        "No. of Trades": 18,
        "Overall P&L": "₹ 751.50",
        "Net P&L": "₹ 279.04",
        "Status": "In Profit",
        "Transaction": "View >"
      },
      {
        "Trade Day": "Apr 12 2024, Fri",
        "No. of Trades": 10,
        "Overall P&L": "-₹ 745.00",
        "Net P&L": "-₹ 1,004.00",
        "Status": "In Loss",
        "Transaction": "View >"
      },
      {
        "Trade Day": "Apr 10 2024, Wed",
        "No. of Trades": 4,
        "Overall P&L": "-₹ 135.00",
        "Net P&L": "-₹ 237.53",
        "Status": "In Loss",
        "Transaction": "View >"
      },
      {
        "Trade Day": "Apr 9 2024, Tue",
        "No. of Trades": 16,
        "Overall P&L": "-₹ 17.25",
        "Net P&L": "-₹ 431.03",
        "Status": "In Loss",
        "Transaction": "View >"
      },
      {
        "Trade Day": "Apr 8 2024, Mon",
        "No. of Trades": 4,
        "Overall P&L": "-₹ 200.75",
        "Net P&L": "-₹ 302.98",
        "Status": "In Loss",
        "Transaction": "View >"
      },
      {
        "Trade Day": "Apr 5 2024, Fri",
        "No. of Trades": 10,
        "Overall P&L": "-₹ 648.75",
        "Net P&L": "-₹ 901.58",
        "Status": "In Loss",
        "Transaction": "View >"
      },
      {
        "Trade Day": "Apr 4 2024, Thu",
        "No. of Trades": 12,
        "Overall P&L": "₹ 93.25",
        "Net P&L": "-₹ 210.96",
        "Status": "In Profit",
        "Transaction": "View >"
      },
      {
        "Trade Day": "Apr 3 2024, Wed",
        "No. of Trades": 16,
        "Overall P&L": "₹ 79.50",
        "Net P&L": "-₹ 289.15",
        "Status": "In Profit",
        "Transaction": "View >"
      },
      {
        "Trade Day": "Apr 2 2024, Tue",
        "No. of Trades": 8,
        "Overall P&L": "₹ 576.50",
        "Net P&L": "₹ 368.12",
        "Status": "In Profit",
        "Transaction": "View >"
      },
      {
        "Trade Day": "Apr 1 2024, Mon",
        "No. of Trades": 2,
        "Overall P&L": "-₹ 7.00",
        "Net P&L": "-₹ 18.11",
        "Status": "In Loss",
        "Transaction": "View >"
      }
    ],
    "March 2024": [
      {
        "Trade Day": "Mar 28 2024, Thu",
        "No. of Trades": 10,
        "Overall P&L": "-₹ 432.75",
        "Net P&L": "-₹ 683.19",
        "Status": "In Loss",
        "Transaction": "View >"
      },
      {
        "Trade Day": "Mar 27 2024, Wed",
        "No. of Trades": 14,
        "Overall P&L": "-₹ 417.50",
        "Net P&L": "-₹ 692.22",
        "Status": "In Loss",
        "Transaction": "View >"
      },
      {
        "Trade Day": "Mar 26 2024, Tue",
        "No. of Trades": 8,
        "Overall P&L": "-₹ 231.25",
        "Net P&L": "-₹ 359.18",
        "Status": "In Loss",
        "Transaction": "View >"
      },
      {
        "Trade Day": "Mar 22 2024, Fri",
        "No. of Trades": 18,
        "Overall P&L": "-₹ 239.75",
        "Net P&L": "-₹ 507.19",
        "Status": "In Loss",
        "Transaction": "View >"
      },
      {
        "Trade Day": "Mar 21 2024, Thu",
        "No. of Trades": 6,
        "Overall P&L": "₹ 653.75",
        "Net P&L": "₹ 541.25",
        "Status": "In Profit",
        "Transaction": "View >"
      },
      {
        "Trade Day": "Mar 20 2024, Wed",
        "No. of Trades": 16,
        "Overall P&L": "₹ 766.25",
        "Net P&L": "₹ 482.83",
        "Status": "In Profit",
        "Transaction": "View >"
      },
      {
        "Trade Day": "Mar 19 2024, Tue",
        "No. of Trades": 6,
        "Overall P&L": "-₹ 104.70",
        "Net P&L": "-₹ 199.66",
        "Status": "In Loss",
        "Transaction": "View >"
      },
      {
        "Trade Day": "Mar 18 2024, Mon",
        "No. of Trades": 18,
        "Overall P&L": "-₹ 681.75",
        "Net P&L": "-₹ 1,101.30",
        "Status": "In Loss",
        "Transaction": "View >"
      },
      {
        "Trade Day": "Mar 15 2024, Fri",
        "No. of Trades": 8,
        "Overall P&L": "₹ 71.75",
        "Net P&L": "-₹ 97.64",
        "Status": "In Profit",
        "Transaction": "View >"
      },
      {
        "Trade Day": "Mar 14 2024, Thu",
        "No. of Trades": 6,
        "Overall P&L": "-₹ 148.50",
        "Net P&L": "-₹ 270.82",
        "Status": "In Loss",
        "Transaction": "View >"
      },
      {
        "Trade Day": "Mar 13 2024, Wed",
        "No. of Trades": 4,
        "Overall P&L": "-₹ 384.25",
        "Net P&L": "-₹ 486.81",
        "Status": "In Loss",
        "Transaction": "View >"
      },
      {
        "Trade Day": "Mar 12 2024, Tue",
        "No. of Trades": 10,
        "Overall P&L": "-₹ 517.50",
        "Net P&L": "-₹ 777.94",
        "Status": "In Loss",
        "Transaction": "View >"
      },
      {
        "Trade Day": "Mar 11 2024, Mon",
        "No. of Trades": 8,
        "Overall P&L": "-₹ 14.25",
        "Net P&L": "-₹ 176.63",
        "Status": "In Loss",
        "Transaction": "View >"
      },
      {
        "Trade Day": "Mar 6 2024, Wed",
        "No. of Trades": 4,
        "Overall P&L": "-₹ 294.75",
        "Net P&L": "-₹ 398.04",
        "Status": "In Loss",
        "Transaction": "View >"
      },
      {
        "Trade Day": "Mar 5 2024, Tue",
        "No. of Trades": 2,
        "Overall P&L": "₹ 265.00",
        "Net P&L": "₹ 215.07",
        "Status": "In Profit",
        "Transaction": "View >"
      },
      {
        "Trade Day": "Mar 1 2024, Fri",
        "No. of Trades": 4,
        "Overall P&L": "₹ 374.00",
        "Net P&L": "₹ 273.53",
        "Status": "In Profit",
        "Transaction": "View >"
      }
    ],
    
  "February 2024": [
    {
      "Trade Day": "Feb 28 2024, Wed",
      "No. of Trades": 2,
      "Overall P&L": "₹ 546.75",
      "Net P&L": "₹ 494.35",
      "Status": "In Profit",
      "Transaction": "View >"
    },
    {
      "Trade Day": "Feb 27 2024, Tue",
      "No. of Trades": 2,
      "Overall P&L": "-₹ 200.25",
      "Net P&L": "-₹ 251.13",
      "Status": "In Loss",
      "Transaction": "View >"
    },
    {
      "Trade Day": "Feb 26 2024, Mon",
      "No. of Trades": 2,
      "Overall P&L": "₹ 137.25",
      "Net P&L": "₹ 87.18",
      "Status": "In Profit",
      "Transaction": "View >"
    },
    {
      "Trade Day": "Feb 22 2024, Thu",
      "No. of Trades": 2,
      "Overall P&L": "-₹ 100.50",
      "Net P&L": "-₹ 150.67",
      "Status": "In Loss",
      "Transaction": "View >"
    },
    {
      "Trade Day": "Feb 9 2024, Fri",
      "No. of Trades": 4,
      "Overall P&L": "-₹ 305.00",
      "Net P&L": "-₹ 405.22",
      "Status": "In Loss",
      "Transaction": "View >"
    },
    {
      "Trade Day": "Feb 8 2024, Thu",
      "No. of Trades": 4,
      "Overall P&L": "₹ 70.50",
      "Net P&L": "-₹ 29.76",
      "Status": "In Profit",
      "Transaction": "View >"
    },
    {
      "Trade Day": "Feb 6 2024, Tue",
      "No. of Trades": 8,
      "Overall P&L": "-₹ 293.00",
      "Net P&L": "-₹ 492.70",
      "Status": "In Loss",
      "Transaction": "View >"
    },
    {
      "Trade Day": "Feb 5 2024, Mon",
      "No. of Trades": 6,
      "Overall P&L": "-₹ 547.50",
      "Net P&L": "-₹ 697.99",
      "Status": "In Loss",
      "Transaction": "View >"
    },
    {
      "Trade Day": "Feb 2 2024, Fri",
      "No. of Trades": 8,
      "Overall P&L": "₹ 234.00",
      "Net P&L": "₹ 34.18",
      "Status": "In Profit",
      "Transaction": "View >"
    },
    {
      "Trade Day": "Feb 1 2024, Thu",
      "No. of Trades": 6,
      "Overall P&L": "-₹ 472.50",
      "Net P&L": "-₹ 623.94",
      "Status": "In Loss",
      "Transaction": "View >"
    }
  ],
  "January 2024": [
    {
      "Trade Day": "Jan 31 2024, Wed",
      "No. of Trades": 2,
      "Overall P&L": "₹ 639.00",
      "Net P&L": "₹ 588.69",
      "Status": "In Profit",
      "Transaction": "View >"
    },
    {
      "Trade Day": "Jan 30 2024, Tue",
      "No. of Trades": 4,
      "Overall P&L": "₹ 32.50",
      "Net P&L": "-₹ 67.78",
      "Status": "In Profit",
      "Transaction": "View >"
    },
    {
      "Trade Day": "Jan 29 2024, Mon",
      "No. of Trades": 6,
      "Overall P&L": "-₹ 453.75",
      "Net P&L": "-₹ 604.05",
      "Status": "In Loss",
      "Transaction": "View >"
    },
    {
      "Trade Day": "Jan 25 2024, Thu",
      "No. of Trades": 6,
      "Overall P&L": "₹ 112.50",
      "Net P&L": "-₹ 40.67",
      "Status": "In Profit",
      "Transaction": "View >"
    },
    {
      "Trade Day": "Jan 24 2024, Wed",
      "No. of Trades": 8,
      "Overall P&L": "-₹ 193.50",
      "Net P&L": "-₹ 394.09",
      "Status": "In Loss",
      "Transaction": "View >"
    },
    {
      "Trade Day": "Jan 23 2024, Tue",
      "No. of Trades": 2,
      "Overall P&L": "₹ 661.50",
      "Net P&L": "₹ 609.85",
      "Status": "In Profit",
      "Transaction": "View >"
    },
    {
      "Trade Day": "Jan 20 2024, Sat",
      "No. of Trades": 8,
      "Overall P&L": "₹ 1.00",
      "Net P&L": "-₹ 199.30",
      "Status": "In Profit",
      "Transaction": "View >"
    },
    {
      "Trade Day": "Jan 19 2024, Fri",
      "No. of Trades": 6,
      "Overall P&L": "-₹ 640.75",
      "Net P&L": "-₹ 793.11",
      "Status": "In Loss",
      "Transaction": "View >"
    },
    {
      "Trade Day": "Jan 18 2024, Thu",
      "No. of Trades": 4,
      "Overall P&L": "₹ 509.75",
      "Net P&L": "₹ 410.13",
      "Status": "In Profit",
      "Transaction": "View >"
    },
    {
      "Trade Day": "Jan 17 2024, Wed",
      "No. of Trades": 8,
      "Overall P&L": "₹ 876.00",
      "Net P&L": "₹ 675.30",
      "Status": "In Profit",
      "Transaction": "View >"
    },
    {
      "Trade Day": "Jan 16 2024, Tue",
      "No. of Trades": 2,
      "Overall P&L": "₹ 282.00",
      "Net P&L": "₹ 231.77",
      "Status": "In Profit",
      "Transaction": "View >"
    },
    {
      "Trade Day": "Jan 15 2024, Mon",
      "No. of Trades": 5,
      "Overall P&L": "-₹ 99.00",
      "Net P&L": "-₹ 223.12",
      "Status": "In Loss",
      "Transaction": "View >"
    },
    {
      "Trade Day": "Jan 12 2024, Fri",
      "No. of Trades": 2,
      "Overall P&L": "-₹ 90.00",
      "Net P&L": "-₹ 139.45",
      "Status": "In Loss",
      "Transaction": "View >"
    },
    {
      "Trade Day": "Jan 11 2024, Thu",
      "No. of Trades": 4,
      "Overall P&L": "₹ 46.50",
      "Net P&L": "-₹ 54.55",
      "Status": "In Profit",
      "Transaction": "View >"
    },
    {
      "Trade Day": "Jan 10 2024, Wed",
      "No. of Trades": 2,
      "Overall P&L": "-₹ 157.50",
      "Net P&L": "-₹ 207.71",
      "Status": "In Loss",
      "Transaction": "View >"
    },
    {
      "Trade Day": "Jan 9 2024, Tue",
      "No. of Trades": 2,
      "Overall P&L": "-₹ 117.50",
      "Net P&L": "-₹ 168.24",
      "Status": "In Loss",
      "Transaction": "View >"
    },
    {
      "Trade Day": "Jan 8 2024, Mon",
      "No. of Trades": 6,
      "Overall P&L": "-₹ 473.00",
      "Net P&L": "-₹ 626.07",
      "Status": "In Loss",
      "Transaction": "View >"
    },
    {
      "Trade Day": "Jan 5 2024, Fri",
      "No. of Trades": 4,
      "Overall P&L": "₹ 342.00",
      "Net P&L": "₹ 241.50",
      "Status": "In Profit",
      "Transaction": "View >"
    },
    {
      "Trade Day": "Jan 4 2024, Thu",
      "No. of Trades": 8,
      "Overall P&L": "-₹ 448.00",
      "Net P&L": "-₹ 646.53",
      "Status": "In Loss",
      "Transaction": "View >"
    },
    {
      "Trade Day": "Jan 3 2024, Wed",
      "No. of Trades": 2,
      "Overall P&L": "-₹ 175.50",
      "Net P&L": "-₹ 225.31",
      "Status": "In Loss",
      "Transaction": "View >"
    },
    {
      "Trade Day": "Jan 2 2024, Tue",
      "No. of Trades": 2,
      "Overall P&L": "₹ 182.50",
      "Net P&L": "₹ 132.45",
      "Status": "In Profit",
      "Transaction": "View >"
    },
    {
      "Trade Day": "Jan 1 2024, Mon",
      "No. of Trades": 6,
      "Overall P&L": "₹ 380.50",
      "Net P&L": "₹ 228.21",
      "Status": "In Profit",
      "Transaction": "View >"
    }
  ],
  "December 2023": [
    {
      "Trade Day": "Dec 29 2023, Fri",
      "No. of Trades": 3,
      "Overall P&L": "-₹ 208.50",
      "Net P&L": "-₹ 279.83",
      "Status": "In Loss",
      "Transaction": "View >"
    },
    {
      "Trade Day": "Dec 28 2023, Thu",
      "No. of Trades": 5,
      "Overall P&L": "-₹ 114.00",
      "Net P&L": "-₹ 232.78",
      "Status": "In Loss",
      "Transaction": "View >"
    },
    {
      "Trade Day": "Dec 27 2023, Wed",
      "No. of Trades": 10,
      "Overall P&L": "-₹ 549.00",
      "Net P&L": "-₹ 799.02",
      "Status": "In Loss",
      "Transaction": "View >"
    },
    {
      "Trade Day": "Dec 26 2023, Tue",
      "No. of Trades": 2,
      "Overall P&L": "-₹ 72.50",
      "Net P&L": "-₹ 121.92",
      "Status": "In Loss",
      "Transaction": "View >"
    },
    {
      "Trade Day": "Dec 22 2023, Fri",
      "No. of Trades": 2,
      "Overall P&L": "₹ 477.00",
      "Net P&L": "₹ 425.26",
      "Status": "In Profit",
      "Transaction": "View >"
    },
    {
      "Trade Day": "Dec 21 2023, Thu",
      "No. of Trades": 4,
      "Overall P&L": "-₹ 332.50",
      "Net P&L": "-₹ 430.85",
      "Status": "In Loss",
      "Transaction": "View >"
    },
    {
      "Trade Day": "Dec 19 2023, Tue",
      "No. of Trades": 8,
      "Overall P&L": "₹ 471.75",
      "Net P&L": "₹ 311.48",
      "Status": "In Profit",
      "Transaction": "View >"
    },
    {
      "Trade Day": "Dec 18 2023, Mon",
      "No. of Trades": 2,
      "Overall P&L": "₹ 58.50",
      "Net P&L": "₹ 46.23",
      "Status": "In Profit",
      "Transaction": "View >"
    },
    {
      "Trade Day": "Dec 15 2023, Fri",
      "No. of Trades": 4,
      "Overall P&L": "₹ 80.50",
      "Net P&L": "-₹ 19.63",
      "Status": "In Profit",
      "Transaction": "View >"
    },
    {
      "Trade Day": "Dec 13 2023, Wed",
      "No. of Trades": 6,
      "Overall P&L": "-₹ 232.50",
      "Net P&L": "-₹ 382.55",
      "Status": "In Loss",
      "Transaction": "View >"
    },
    {
      "Trade Day": "Dec 12 2023, Tue",
      "No. of Trades": 2,
      "Overall P&L": "-₹ 312.50",
      "Net P&L": "-₹ 410.81",
      "Status": "In Loss",
      "Transaction": "View >"
    },
    {
      "Trade Day": "Dec 11 2023, Mon",
      "No. of Trades": 3,
      "Overall P&L": "₹ 23.00",
      "Net P&L": "-₹ 77.78",
      "Status": "In Profit",
      "Transaction": "View >"
    },
    {
      "Trade Day": "Dec 8 2023, Fri",
      "No. of Trades": 2,
      "Overall P&L": "-₹ 72.50",
      "Net P&L": "-₹ 81.84",
      "Status": "In Loss",
      "Transaction": "View >"
    },
    {
      "Trade Day": "Dec 7 2023, Thu",
      "No. of Trades": 3,
      "Overall P&L": "-₹ 1,044.00",
      "Net P&L": "-₹ 1,099.33",
      "Status": "In Loss",
      "Transaction": "View >"
    },
    {
      "Trade Day": "Dec 6 2023, Wed",
      "No. of Trades": 3,
      "Overall P&L": "₹ 17.50",
      "Net P&L": "-₹ 47.55",
      "Status": "In Profit",
      "Transaction": "View >"
    },
    {
      "Trade Day": "Dec 5 2023, Tue",
      "No. of Trades": 6,
      "Overall P&L": "-₹ 391.85",
      "Net P&L": "-₹ 457.87",
      "Status": "In Loss",
      "Transaction": "View >"
    },
    {
      "Trade Day": "Dec 4 2023, Mon",
      "No. of Trades": 4,
      "Overall P&L": "-₹ 160.00",
      "Net P&L": "-₹ 313.68",
      "Status": "In Loss",
      "Transaction": "View >"
    },
    {
      "Trade Day": "Dec 1 2023, Fri",
      "No. of Trades": 3,
      "Overall P&L": "-₹ 439.50",
      "Net P&L": "-₹ 540.26",
      "Status": "In Loss",
      "Transaction": "View >"
    }
  ],
  "November 2023": [
    {
      "Trade Day": "Nov 30 2023, Thu",
      "No. of Trades": 2,
      "Overall P&L": "-₹ 444.00",
      "Net P&L": "-₹ 494.45",
      "Status": "In Loss",
      "Transaction": "View >"
    },
    {
      "Trade Day": "Nov 29 2023, Wed",
      "No. of Trades": 8,
      "Overall P&L": "-₹ 780.00",
      "Net P&L": "-₹ 987.49",
      "Status": "In Loss",
      "Transaction": "View >"
    },
    {
      "Trade Day": "Nov 28 2023, Tue",
      "No. of Trades": 6,
      "Overall P&L": "₹ 259.50",
      "Net P&L": "₹ 102.77",
      "Status": "In Profit",
      "Transaction": "View >"
    },
    {
      "Trade Day": "Nov 24 2023, Fri",
      "No. of Trades": 4,
      "Overall P&L": "₹ 44.50",
      "Net P&L": "-₹ 59.24",
      "Status": "In Profit",
      "Transaction": "View >"
    },
    {
      "Trade Day": "Nov 23 2023, Thu",
      "No. of Trades": 2,
      "Overall P&L": "₹ 235.00",
      "Net P&L": "₹ 184.14",
      "Status": "In Profit",
      "Transaction": "View >"
    },
    {
      "Trade Day": "Nov 22 2023, Wed",
      "No. of Trades": 2,
      "Overall P&L": "₹ 252.50",
      "Net P&L": "₹ 200.61",
      "Status": "In Profit",
      "Transaction": "View >"
    },
    {
      "Trade Day": "Nov 21 2023, Tue",
      "No. of Trades": 2,
      "Overall P&L": "₹ 135.00",
      "Net P&L": "₹ 84.11",
      "Status": "In Profit",
      "Transaction": "View >"
    },
    {
      "Trade Day": "Nov 20 2023, Mon",
      "No. of Trades": 6,
      "Overall P&L": "-₹ 381.00",
      "Net P&L": "-₹ 531.04",
      "Status": "In Loss",
      "Transaction": "View >"
    },
    {
      "Trade Day": "Nov 17 2023, Fri",
      "No. of Trades": 2,
      "Overall P&L": "₹ 207.50",
      "Net P&L": "₹ 154.17",
      "Status": "In Profit",
      "Transaction": "View >"
    },
    {
      "Trade Day": "Nov 16 2023, Thu",
      "No. of Trades": 2,
      "Overall P&L": "₹ 155.25",
      "Net P&L": "₹ 102.78",
      "Status": "In Profit",
      "Transaction": "View >"
    },
    {
      "Trade Day": "Nov 15 2023, Wed",
      "No. of Trades": 2,
      "Overall P&L": "₹ 231.00",
      "Net P&L": "₹ 178.50",
      "Status": "In Profit",
      "Transaction": "View >"
    },
    {
      "Trade Day": "Nov 13 2023, Mon",
      "No. of Trades": 4,
      "Overall P&L": "-₹ 394.50",
      "Net P&L": "-₹ 496.86",
      "Status": "In Loss",
      "Transaction": "View >"
    },
    {
      "Trade Day": "Nov 10 2023, Fri",
      "No. of Trades": 2,
      "Overall P&L": "₹ 67.50",
      "Net P&L": "₹ 17.29",
      "Status": "In Profit",
      "Transaction": "View >"
    },
    {
      "Trade Day": "Nov 9 2023, Thu",
      "No. of Trades": 8,
      "Overall P&L": "-₹ 141.00",
      "Net P&L": "-₹ 339.41",
      "Status": "In Loss",
      "Transaction": "View >"
    },
    {
      "Trade Day": "Nov 7 2023, Tue",
      "No. of Trades": 4,
      "Overall P&L": "-₹ 399.00",
      "Net P&L": "-₹ 502.11",
      "Status": "In Loss",
      "Transaction": "View >"
    },
    {
      "Trade Day": "Nov 6 2023, Mon",
      "No. of Trades": 2,
      "Overall P&L": "₹ 106.50",
      "Net P&L": "₹ 55.72",
      "Status": "In Profit",
      "Transaction": "View >"
    },
    {
      "Trade Day": "Nov 3 2023, Fri",
      "No. of Trades": 4,
      "Overall P&L": "₹ 84.00",
      "Net P&L": "-₹ 19.27",
      "Status": "In Profit",
      "Transaction": "View >"
    },
    {
      "Trade Day": "Nov 2 2023, Thu",
      "No. of Trades": 2,
      "Overall P&L": "-₹ 121.50",
      "Net P&L": "-₹ 172.37",
      "Status": "In Loss",
      "Transaction": "View >"
    }
  ],
  "October 2023": [
    {
      "Trade Day": "Oct 31 2023, Tue",
      "No. of Trades": 2,
      "Overall P&L": "₹ 255.00",
      "Net P&L": "₹ 202.41",
      "Status": "In Profit",
      "Transaction": "View >"
    },
    {
      "Trade Day": "Oct 30 2023, Mon",
      "No. of Trades": 10,
      "Overall P&L": "-₹ 249.75",
      "Net P&L": "-₹ 505.51",
      "Status": "In Loss",
      "Transaction": "View >"
    },
    {
      "Trade Day": "Oct 27 2023, Fri",
      "No. of Trades": 10,
      "Overall P&L": "-₹ 484.50",
      "Net P&L": "-₹ 685.68",
      "Status": "In Loss",
      "Transaction": "View >"
    },
    {
      "Trade Day": "Oct 26 2023, Thu",
      "No. of Trades": 6,
      "Overall P&L": "₹ 212.50",
      "Net P&L": "₹ 87.05",
      "Status": "In Profit",
      "Transaction": "View >"
    },
    {
      "Trade Day": "Oct 23 2023, Mon",
      "No. of Trades": 4,
      "Overall P&L": "₹ 208.50",
      "Net P&L": "₹ 103.59",
      "Status": "In Profit",
      "Transaction": "View >"
    },
    {
      "Trade Day": "Oct 20 2023, Fri",
      "No. of Trades": 4,
      "Overall P&L": "₹ 229.50",
      "Net P&L": "₹ 126.00",
      "Status": "In Profit",
      "Transaction": "View >"
    },
    {
      "Trade Day": "Oct 19 2023, Thu",
      "No. of Trades": 4,
      "Overall P&L": "₹ 42.00",
      "Net P&L": "-₹ 61.76",
      "Status": "In Profit",
      "Transaction": "View >"
    },
    {
      "Trade Day": "Oct 18 2023, Wed",
      "No. of Trades": 2,
      "Overall P&L": "₹ 154.50",
      "Net P&L": "₹ 101.94",
      "Status": "In Profit",
      "Transaction": "View >"
    },
    {
      "Trade Day": "Oct 17 2023, Tue",
      "No. of Trades": 2,
      "Overall P&L": "₹ 267.00",
      "Net P&L": "₹ 214.41",
      "Status": "In Profit",
      "Transaction": "View >"
    },
    {
      "Trade Day": "Oct 16 2023, Mon",
      "No. of Trades": 1,
      "Overall P&L": "₹ 279.00",
      "Net P&L": "₹ 228.22",
      "Status": "In Profit",
      "Transaction": "View >"
    },
    {
      "Trade Day": "Oct 12 2023, Thu",
      "No. of Trades": 2,
      "Overall P&L": "-₹ 208.50",
      "Net P&L": "-₹ 259.43",
      "Status": "In Loss",
      "Transaction": "View >"
    },
    {
      "Trade Day": "Oct 11 2023, Wed",
      "No. of Trades": 4,
      "Overall P&L": "-₹ 150.00",
      "Net P&L": "-₹ 252.90",
      "Status": "In Loss",
      "Transaction": "View >"
    },
    {
      "Trade Day": "Oct 10 2023, Tue",
      "No. of Trades": 7,
      "Overall P&L": "-₹ 204.00",
      "Net P&L": "-₹ 381.10",
      "Status": "In Loss",
      "Transaction": "View >"
    },
    {
      "Trade Day": "Oct 9 2023, Mon",
      "No. of Trades": 4,
      "Overall P&L": "₹ 139.50",
      "Net P&L": "₹ 37.31",
      "Status": "In Profit",
      "Transaction": "View >"
    },
    {
      "Trade Day": "Oct 6 2023, Fri",
      "No. of Trades": 4,
      "Overall P&L": "-₹ 270.00",
      "Net P&L": "-₹ 373.46",
      "Status": "In Loss",
      "Transaction": "View >"
    },
    {
      "Trade Day": "Oct 5 2023, Thu",
      "No. of Trades": 5,
      "Overall P&L": "-₹ 183.00",
      "Net P&L": "-₹ 365.37",
      "Status": "In Loss",
      "Transaction": "View >"
    },
    {
      "Trade Day": "Oct 4 2023, Wed",
      "No. of Trades": 4,
      "Overall P&L": "₹ 444.00",
      "Net P&L": "₹ 335.59",
      "Status": "In Profit",
      "Transaction": "View >"
    },
    {
      "Trade Day": "Oct 3 2023, Tue",
      "No. of Trades": 2,
      "Overall P&L": "₹ 129.75",
      "Net P&L": "₹ 76.86",
      "Status": "In Profit",
      "Transaction": "View >"
    }
  ],
  "September 2023": [
    {
      "Trade Day": "Sept 29 2023, Fri",
      "No. of Trades": 7,
      "Overall P&L": "-₹ 306.75",
      "Net P&L": "-₹ 482.83",
      "Status": "In Loss",
      "Transaction": "View >"
    },
    {
      "Trade Day": "Sept 27 2023, Wed",
      "No. of Trades": 2,
      "Overall P&L": "₹ 180.00",
      "Net P&L": "₹ 130.12",
      "Status": "In Profit",
      "Transaction": "View >"
    }
  ],
  "July 2023": [
    {
      "Trade Day": "Jul 11 2023, Tue",
      "No. of Trades": 14,
      "Overall P&L": "-₹ 610.00",
      "Net P&L": "-₹ 1,002.58",
      "Status": "In Loss",
      "Transaction": "View >"
    },
    {
      "Trade Day": "Jul 10 2023, Mon",
      "No. of Trades": 16,
      "Overall P&L": "₹ 360.00",
      "Net P&L": "-₹ 78.40",
      "Status": "In Profit",
      "Transaction": "View >"
    },
    {
      "Trade Day": "Jul 7 2023, Fri",
      "No. of Trades": 10,
      "Overall P&L": "₹ 1.50",
      "Net P&L": "-₹ 329.88",
      "Status": "In Profit",
      "Transaction": "View >"
    },
    {
      "Trade Day": "Jul 6 2023, Thu",
      "No. of Trades": 8,
      "Overall P&L": "-₹ 278.75",
      "Net P&L": "-₹ 547.91",
      "Status": "In Loss",
      "Transaction": "View >"
    },
    {
      "Trade Day": "Jul 5 2023, Wed",
      "No. of Trades": 2,
      "Overall P&L": "₹ 125.00",
      "Net P&L": "₹ 72.74",
      "Status": "In Profit",
      "Transaction": "View >"
    },
    {
      "Trade Day": "Jul 4 2023, Tue",
      "No. of Trades": 6,
      "Overall P&L": "-₹ 1,315.00",
      "Net P&L": "-₹ 1,486.59",
      "Status": "In Loss",
      "Transaction": "View >"
    },
    {
      "Trade Day": "Jul 3 2023, Mon",
      "No. of Trades": 10,
      "Overall P&L": "-₹ 615.00",
      "Net P&L": "-₹ 909.68",
      "Status": "In Loss",
      "Transaction": "View >"
    }
  ],
  "June 2023": [
    {
      "Trade Day": "Jun 30 2023, Fri",
      "No. of Trades": 14,
      "Overall P&L": "-₹ 356.25",
      "Net P&L": "-₹ 754.27",
      "Status": "In Loss",
      "Transaction": "View >"
    },
    {
      "Trade Day": "Jun 28 2023, Wed",
      "No. of Trades": 8,
      "Overall P&L": "₹ 771.25",
      "Net P&L": "₹ 547.08",
      "Status": "In Profit",
      "Transaction": "View >"
    },
    {
      "Trade Day": "Jun 27 2023, Tue",
      "No. of Trades": 6,
      "Overall P&L": "-₹ 770.00",
      "Net P&L": "-₹ 949.99",
      "Status": "In Loss",
      "Transaction": "View >"
    },
    {
      "Trade Day": "Jun 23 2023, Fri",
      "No. of Trades": 8,
      "Overall P&L": "₹ 70.00",
      "Net P&L": "-₹ 171.98",
      "Status": "In Profit",
      "Transaction": "View >"
    },
    {
      "Trade Day": "Jun 22 2023, Thu",
      "No. of Trades": 2,
      "Overall P&L": "-₹ 1,130.00",
      "Net P&L": "-₹ 1,186.13",
      "Status": "In Loss",
      "Transaction": "View >"
    },
    {
      "Trade Day": "Jun 21 2023, Wed",
      "No. of Trades": 8,
      "Overall P&L": "₹ 23.75",
      "Net P&L": "-₹ 203.09",
      "Status": "In Profit",
      "Transaction": "View >"
    },
    {
      "Trade Day": "Jun 20 2023, Tue",
      "No. of Trades": 6,
      "Overall P&L": "₹ 627.00",
      "Net P&L": "₹ 452.89",
      "Status": "In Profit",
      "Transaction": "View >"
    },
    {
      "Trade Day": "Jun 19 2023, Mon",
      "No. of Trades": 6,
      "Overall P&L": "-₹ 351.25",
      "Net P&L": "-₹ 521.60",
      "Status": "In Loss",
      "Transaction": "View >"
    },
    {
      "Trade Day": "Jun 16 2023, Fri",
      "No. of Trades": 22,
      "Overall P&L": "-₹ 288.75",
      "Net P&L": "-₹ 923.75",
      "Status": "In Loss",
      "Transaction": "View >"
    },
    {
      "Trade Day": "Jun 15 2023, Thu",
      "No. of Trades": 9,
      "Overall P&L": "-₹ 1,260.00",
      "Net P&L": "-₹ 1,503.03",
      "Status": "In Loss",
      "Transaction": "View >"
    },
    {
      "Trade Day": "Jun 14 2023, Wed",
      "No. of Trades": 12,
      "Overall P&L": "₹ 500.00",
      "Net P&L": "₹ 149.57",
      "Status": "In Profit",
      "Transaction": "View >"
    },
    {
      "Trade Day": "Jun 13 2023, Tue",
      "No. of Trades": 12,
      "Overall P&L": "₹ 81.25",
      "Net P&L": "-₹ 266.01",
      "Status": "In Profit",
      "Transaction": "View >"
    },
    {
      "Trade Day": "Jun 12 2023, Mon",
      "No. of Trades": 8,
      "Overall P&L": "-₹ 296.25",
      "Net P&L": "-₹ 523.75",
      "Status": "In Loss",
      "Transaction": "View >"
    },
    {
      "Trade Day": "Jun 9 2023, Fri",
      "No. of Trades": 4,
      "Overall P&L": "₹ 340.00",
      "Net P&L": "₹ 220.51",
      "Status": "In Profit",
      "Transaction": "View >"
    },
    {
      "Trade Day": "Jun 8 2023, Thu",
      "No. of Trades": 16,
      "Overall P&L": "-₹ 150.00",
      "Net P&L": "-₹ 587.18",
      "Status": "In Loss",
      "Transaction": "View >"
    },
    {
      "Trade Day": "Jun 7 2023, Wed",
      "No. of Trades": 6,
      "Overall P&L": "₹ 150.00",
      "Net P&L": "-₹ 28.06",
      "Status": "In Profit",
      "Transaction": "View >"
    },
    {
      "Trade Day": "Jun 6 2023, Tue",
      "No. of Trades": 2,
      "Overall P&L": "₹ 142.50",
      "Net P&L": "₹ 83.48",
      "Status": "In Profit",
      "Transaction": "View >"
    },
    {
      "Trade Day": "Jun 5 2023, Mon",
      "No. of Trades": 18,
      "Overall P&L": "₹ 83.75",
      "Net P&L": "-₹ 431.27",
      "Status": "In Profit",
      "Transaction": "View >"
    },
    {
      "Trade Day": "Jun 2 2023, Fri",
      "No. of Trades": 4,
      "Overall P&L": "-₹ 86.25",
      "Net P&L": "-₹ 204.45",
      "Status": "In Loss",
      "Transaction": "View >"
    },
    {
      "Trade Day": "Jun 1 2023, Thu",
      "No. of Trades": 10,
      "Overall P&L": "₹ 296.25",
      "Net P&L": "₹ 13.21",
      "Status": "In Profit",
      "Transaction": "View >"
    }
  ],
  "June_2023": [
    {
      "Trade Day": "Jun 1 2023, Thu",
      "No. of Trades": 10,
      "Overall P&L": "₹ 296.25",
      "Net P&L": "₹ 13.21",
      "Status": "In Profit",
      "Transaction": "View >"
    }
  ],
  "May_2023": {
    "Traded_on_days": 16,
    "Trades": [
      {
        "Trade Day": "May 31 2023, Wed",
        "No. of Trades": 8,
        "Overall P&L": "₹ 32.50",
        "Net P&L": "-₹ 188.46",
        "Status": "In Profit",
        "Transaction": "View >"
      },
      {
        "Trade Day": "May 30 2023, Tue",
        "No. of Trades": 14,
        "Overall P&L": "-₹ 648.00",
        "Net P&L": "-₹ 1,032.20",
        "Status": "In Loss",
        "Transaction": "View >"
      },
      {
        "Trade Day": "May 29 2023, Mon",
        "No. of Trades": 20,
        "Overall P&L": "-₹ 322.50",
        "Net P&L": "-₹ 894.67",
        "Status": "In Loss",
        "Transaction": "View >"
      },
      {
        "Trade Day": "May 26 2023, Fri",
        "No. of Trades": 8,
        "Overall P&L": "-₹ 88.75",
        "Net P&L": "-₹ 322.84",
        "Status": "In Loss",
        "Transaction": "View >"
      },
      {
        "Trade Day": "May 25 2023, Thu",
        "No. of Trades": 6,
        "Overall P&L": "-₹ 2,447.50",
        "Net P&L": "-₹ 2,610.51",
        "Status": "In Loss",
        "Transaction": "View >"
      },
      {
        "Trade Day": "May 24 2023, Wed",
        "No. of Trades": 42,
        "Overall P&L": "-₹ 1,590.00",
        "Net P&L": "-₹ 2,728.21",
        "Status": "In Loss",
        "Transaction": "View >"
      },
      {
        "Trade Day": "May 23 2023, Tue",
        "No. of Trades": 14,
        "Overall P&L": "-₹ 1,267.50",
        "Net P&L": "-₹ 1,675.72",
        "Status": "In Loss",
        "Transaction": "View >"
      },
      {
        "Trade Day": "May 22 2023, Mon",
        "No. of Trades": 18,
        "Overall P&L": "-₹ 658.75",
        "Net P&L": "-₹ 1,190.96",
        "Status": "In Loss",
        "Transaction": "View >"
      },
      {
        "Trade Day": "May 19 2023, Fri",
        "No. of Trades": 8,
        "Overall P&L": "₹ 526.25",
        "Net P&L": "₹ 295.80",
        "Status": "In Profit",
        "Transaction": "View >"
      },
      {
        "Trade Day": "May 18 2023, Thu",
        "No. of Trades": 14,
        "Overall P&L": "₹ 460.00",
        "Net P&L": "₹ 74.79",
        "Status": "In Profit",
        "Transaction": "View >"
      },
      {
        "Trade Day": "May 17 2023, Wed",
        "No. of Trades": 6,
        "Overall P&L": "₹ 171.25",
        "Net P&L": "-₹ 3.15",
        "Status": "In Profit",
        "Transaction": "View >"
      },
      {
        "Trade Day": "May 16 2023, Tue",
        "No. of Trades": 8,
        "Overall P&L": "-₹ 293.75",
        "Net P&L": "-₹ 533.34",
        "Status": "In Loss",
        "Transaction": "View >"
      },
      {
        "Trade Day": "May 15 2023, Mon",
        "No. of Trades": 12,
        "Overall P&L": "-₹ 617.50",
        "Net P&L": "-₹ 968.71",
        "Status": "In Loss",
        "Transaction": "View >"
      },
      {
        "Trade Day": "May 11 2023, Thu",
        "No. of Trades": 6,
        "Overall P&L": "₹ 432.50",
        "Net P&L": "₹ 265.10",
        "Status": "In Profit",
        "Transaction": "View >"
      },
      {
        "Trade Day": "May 3 2023, Wed",
        "No. of Trades": 8,
        "Overall P&L": "-₹ 890.00",
        "Net P&L": "-₹ 1,124.01",
        "Status": "In Loss",
        "Transaction": "View >"
      },
      {
        "Trade Day": "May 2 2023, Tue",
        "No. of Trades": 4,
        "Overall P&L": "₹ 42.50",
        "Net P&L": "-₹ 72.98",
        "Status": "In Profit",
        "Transaction": "View >"
      }
    ]
  },
  "April_2023": {
    "Traded_on_days": 11,
    "Trades": [
      {
        "Trade Day": "Apr 28 2023, Fri",
        "No. of Trades": 2,
        "Overall P&L": "-₹ 472.50",
        "Net P&L": "-₹ 528.16",
        "Status": "In Loss",
        "Transaction": "View >"
      },
      {
        "Trade Day": "Apr 27 2023, Thu",
        "No. of Trades": 4,
        "Overall P&L": "-₹ 36.25",
        "Net P&L": "-₹ 142.24",
        "Status": "In Loss",
        "Transaction": "View >"
      },
      {
        "Trade Day": "Apr 26 2023, Wed",
        "No. of Trades": 6,
        "Overall P&L": "-₹ 47.50",
        "Net P&L": "-₹ 212.66",
        "Status": "In Loss",
        "Transaction": "View >"
      },
      {
        "Trade Day": "Apr 19 2023, Wed",
        "No. of Trades": 4,
        "Overall P&L": "-₹ 267.50",
        "Net P&L": "-₹ 376.73",
        "Status": "In Loss",
        "Transaction": "View >"
      },
      {
        "Trade Day": "Apr 13 2023, Thu",
        "No. of Trades": 6,
        "Overall P&L": "-₹ 2,243.75",
        "Net P&L": "-₹ 2,398.62",
        "Status": "In Loss",
        "Transaction": "View >"
      },
      {
        "Trade Day": "Apr 12 2023, Wed",
        "No. of Trades": 2,
        "Overall P&L": "-₹ 202.50",
        "Net P&L": "-₹ 257.93",
        "Status": "In Loss",
        "Transaction": "View >"
      },
      {
        "Trade Day": "Apr 11 2023, Tue",
        "No. of Trades": 14,
        "Overall P&L": "-₹ 522.50",
        "Net P&L": "-₹ 908.55",
        "Status": "In Loss",
        "Transaction": "View >"
      },
      {
        "Trade Day": "Apr 10 2023, Mon",
        "No. of Trades": 8,
        "Overall P&L": "₹ 240.00",
        "Net P&L": "₹ 13.46",
        "Status": "In Profit",
        "Transaction": "View >"
      },
      {
        "Trade Day": "Apr 6 2023, Thu",
        "No. of Trades": 8,
        "Overall P&L": "-₹ 506.25",
        "Net P&L": "-₹ 780.38",
        "Status": "In Loss",
        "Transaction": "View >"
      },
      {
        "Trade Day": "Apr 5 2023, Wed",
        "No. of Trades": 12,
        "Overall P&L": "-₹ 681.25",
        "Net P&L": "-₹ 1,010.13",
        "Status": "In Loss",
        "Transaction": "View >"
      },
      {
        "Trade Day": "Apr 3 2023, Mon",
        "No. of Trades": 6,
        "Overall P&L": "-₹ 1,985.00",
        "Net P&L": "-₹ 2,166.48",
        "Status": "In Loss",
        "Transaction": "View >"
      }
    ]
  }
}
